-- phpMyAdmin SQL Dump
-- version 5.2.3
-- https://www.phpmyadmin.net/
--
-- Host: localhost
-- Generation Time: Jun 24, 2026 at 01:51 PM
-- Server version: 11.8.6-MariaDB-log
-- PHP Version: 8.4.19

SET SQL_MODE = "NO_AUTO_VALUE_ON_ZERO";
START TRANSACTION;
SET time_zone = "+00:00";


/*!40101 SET @OLD_CHARACTER_SET_CLIENT=@@CHARACTER_SET_CLIENT */;
/*!40101 SET @OLD_CHARACTER_SET_RESULTS=@@CHARACTER_SET_RESULTS */;
/*!40101 SET @OLD_COLLATION_CONNECTION=@@COLLATION_CONNECTION */;
/*!40101 SET NAMES utf8mb4 */;

--
-- Database: `gis_clustering`
--

-- --------------------------------------------------------

--
-- Table structure for table `cache`
--

CREATE TABLE `cache` (
  `key` varchar(255) NOT NULL,
  `value` mediumtext NOT NULL,
  `expiration` bigint(20) NOT NULL
) ENGINE=InnoDB DEFAULT CHARSET=utf8mb4 COLLATE=utf8mb4_unicode_ci;

-- --------------------------------------------------------

--
-- Table structure for table `cache_locks`
--

CREATE TABLE `cache_locks` (
  `key` varchar(255) NOT NULL,
  `owner` varchar(255) NOT NULL,
  `expiration` bigint(20) NOT NULL
) ENGINE=InnoDB DEFAULT CHARSET=utf8mb4 COLLATE=utf8mb4_unicode_ci;

-- --------------------------------------------------------

--
-- Table structure for table `clustering_runs`
--

CREATE TABLE `clustering_runs` (
  `id` bigint(20) UNSIGNED NOT NULL,
  `k_value` int(11) NOT NULL,
  `silhouette_score` decimal(6,4) DEFAULT NULL,
  `jumlah_data` int(11) NOT NULL,
  `metode` varchar(255) NOT NULL DEFAULT 'K-Means',
  `run_date` timestamp NOT NULL,
  `created_at` timestamp NULL DEFAULT NULL,
  `updated_at` timestamp NULL DEFAULT NULL
) ENGINE=InnoDB DEFAULT CHARSET=utf8mb4 COLLATE=utf8mb4_unicode_ci;

-- --------------------------------------------------------

--
-- Table structure for table `failed_jobs`
--

CREATE TABLE `failed_jobs` (
  `id` bigint(20) UNSIGNED NOT NULL,
  `uuid` varchar(255) NOT NULL,
  `connection` varchar(255) NOT NULL,
  `queue` varchar(255) NOT NULL,
  `payload` longtext NOT NULL,
  `exception` longtext NOT NULL,
  `failed_at` timestamp NOT NULL DEFAULT current_timestamp()
) ENGINE=InnoDB DEFAULT CHARSET=utf8mb4 COLLATE=utf8mb4_unicode_ci;

-- --------------------------------------------------------

--
-- Table structure for table `hasil_clusterings`
--

CREATE TABLE `hasil_clusterings` (
  `id` bigint(20) UNSIGNED NOT NULL,
  `clustering_run_id` bigint(20) UNSIGNED NOT NULL,
  `warga_id` bigint(20) UNSIGNED NOT NULL,
  `cluster_number` int(11) NOT NULL,
  `jarak_centroid` decimal(10,6) DEFAULT NULL,
  `created_at` timestamp NULL DEFAULT NULL,
  `updated_at` timestamp NULL DEFAULT NULL
) ENGINE=InnoDB DEFAULT CHARSET=utf8mb4 COLLATE=utf8mb4_unicode_ci;

-- --------------------------------------------------------

--
-- Table structure for table `jobs`
--

CREATE TABLE `jobs` (
  `id` bigint(20) UNSIGNED NOT NULL,
  `queue` varchar(255) NOT NULL,
  `payload` longtext NOT NULL,
  `attempts` smallint(5) UNSIGNED NOT NULL,
  `reserved_at` int(10) UNSIGNED DEFAULT NULL,
  `available_at` int(10) UNSIGNED NOT NULL,
  `created_at` int(10) UNSIGNED NOT NULL
) ENGINE=InnoDB DEFAULT CHARSET=utf8mb4 COLLATE=utf8mb4_unicode_ci;

-- --------------------------------------------------------

--
-- Table structure for table `job_batches`
--

CREATE TABLE `job_batches` (
  `id` varchar(255) NOT NULL,
  `name` varchar(255) NOT NULL,
  `total_jobs` int(11) NOT NULL,
  `pending_jobs` int(11) NOT NULL,
  `failed_jobs` int(11) NOT NULL,
  `failed_job_ids` longtext NOT NULL,
  `options` mediumtext DEFAULT NULL,
  `cancelled_at` int(11) DEFAULT NULL,
  `created_at` int(11) NOT NULL,
  `finished_at` int(11) DEFAULT NULL
) ENGINE=InnoDB DEFAULT CHARSET=utf8mb4 COLLATE=utf8mb4_unicode_ci;

-- --------------------------------------------------------

--
-- Table structure for table `kriterias`
--

CREATE TABLE `kriterias` (
  `id` bigint(20) UNSIGNED NOT NULL,
  `badge` varchar(255) DEFAULT NULL,
  `kode` varchar(255) NOT NULL,
  `nama` varchar(255) NOT NULL,
  `bobot` decimal(5,2) NOT NULL,
  `created_at` timestamp NULL DEFAULT NULL,
  `updated_at` timestamp NULL DEFAULT NULL
) ENGINE=InnoDB DEFAULT CHARSET=utf8mb4 COLLATE=utf8mb4_unicode_ci;

--
-- Dumping data for table `kriterias`
--

INSERT INTO `kriterias` (`id`, `badge`, `kode`, `nama`, `bobot`, `created_at`, `updated_at`) VALUES
(1, NULL, 'C1', 'Pendapatan', 35.00, '2026-06-24 06:50:01', '2026-06-24 06:50:01'),
(2, NULL, 'C2', 'Jumlah Tanggungan', 25.00, '2026-06-24 06:50:01', '2026-06-24 06:50:01'),
(3, NULL, 'C3', 'Pendidikan', 15.00, '2026-06-24 06:50:01', '2026-06-24 06:50:01'),
(4, NULL, 'C4', 'Kondisi Rumah', 25.00, '2026-06-24 06:50:01', '2026-06-24 06:50:01');

-- --------------------------------------------------------

--
-- Table structure for table `migrations`
--

CREATE TABLE `migrations` (
  `id` int(10) UNSIGNED NOT NULL,
  `migration` varchar(255) NOT NULL,
  `batch` int(11) NOT NULL
) ENGINE=InnoDB DEFAULT CHARSET=utf8mb4 COLLATE=utf8mb4_unicode_ci;

--
-- Dumping data for table `migrations`
--

INSERT INTO `migrations` (`id`, `migration`, `batch`) VALUES
(1, '0001_01_01_000000_create_users_table', 1),
(2, '0001_01_01_000001_create_cache_table', 1),
(3, '0001_01_01_000002_create_jobs_table', 1),
(4, '2026_05_31_082701_create_wargas_table', 2),
(5, '2026_05_31_082723_create_kriterias_table', 2),
(6, '2026_05_31_082747_create_nilai_wargas_table', 2),
(7, '2026_05_31_082814_create_clustering_runs_table', 2),
(8, '2026_05_31_082834_create_hasil_clusterings_table', 2),
(9, '2026_05_31_132017_add_dusun_pekerjaan_to_wargas_table', 2);

-- --------------------------------------------------------

--
-- Table structure for table `nilai_wargas`
--

CREATE TABLE `nilai_wargas` (
  `id` bigint(20) UNSIGNED NOT NULL,
  `warga_id` bigint(20) UNSIGNED NOT NULL,
  `kriteria_id` bigint(20) UNSIGNED NOT NULL,
  `nilai` decimal(12,2) NOT NULL,
  `nilai_normalisasi` decimal(5,2) NOT NULL,
  `created_at` timestamp NULL DEFAULT NULL,
  `updated_at` timestamp NULL DEFAULT NULL
) ENGINE=InnoDB DEFAULT CHARSET=utf8mb4 COLLATE=utf8mb4_unicode_ci;

--
-- Dumping data for table `nilai_wargas`
--

INSERT INTO `nilai_wargas` (`id`, `warga_id`, `kriteria_id`, `nilai`, `nilai_normalisasi`, `created_at`, `updated_at`) VALUES
(1, 1, 1, 911827.00, 3.00, '2026-06-24 06:50:01', '2026-06-24 06:50:01'),
(2, 1, 2, 2.00, 2.00, '2026-06-24 06:50:01', '2026-06-24 06:50:01'),
(3, 1, 3, 2.00, 2.00, '2026-06-24 06:50:01', '2026-06-24 06:50:01'),
(4, 1, 4, 2.00, 2.00, '2026-06-24 06:50:01', '2026-06-24 06:50:01'),
(5, 2, 1, 369796.00, 2.00, '2026-06-24 06:50:01', '2026-06-24 06:50:01'),
(6, 2, 2, 5.00, 5.00, '2026-06-24 06:50:01', '2026-06-24 06:50:01'),
(7, 2, 3, 2.00, 2.00, '2026-06-24 06:50:01', '2026-06-24 06:50:01'),
(8, 2, 4, 2.00, 2.00, '2026-06-24 06:50:01', '2026-06-24 06:50:01'),
(9, 3, 1, 571680.00, 2.00, '2026-06-24 06:50:01', '2026-06-24 06:50:01'),
(10, 3, 2, 1.00, 1.00, '2026-06-24 06:50:01', '2026-06-24 06:50:01'),
(11, 3, 3, 1.00, 1.00, '2026-06-24 06:50:01', '2026-06-24 06:50:01'),
(12, 3, 4, 1.00, 1.00, '2026-06-24 06:50:01', '2026-06-24 06:50:01'),
(13, 4, 1, 777939.00, 3.00, '2026-06-24 06:50:01', '2026-06-24 06:50:01'),
(14, 4, 2, 1.00, 1.00, '2026-06-24 06:50:01', '2026-06-24 06:50:01'),
(15, 4, 3, 2.00, 2.00, '2026-06-24 06:50:01', '2026-06-24 06:50:01'),
(16, 4, 4, 3.00, 3.00, '2026-06-24 06:50:01', '2026-06-24 06:50:01'),
(17, 5, 1, 215531.00, 1.00, '2026-06-24 06:50:01', '2026-06-24 06:50:01'),
(18, 5, 2, 3.00, 3.00, '2026-06-24 06:50:01', '2026-06-24 06:50:01'),
(19, 5, 3, 1.00, 1.00, '2026-06-24 06:50:01', '2026-06-24 06:50:01'),
(20, 5, 4, 2.00, 2.00, '2026-06-24 06:50:01', '2026-06-24 06:50:01'),
(21, 6, 1, 245625.00, 1.00, '2026-06-24 06:50:01', '2026-06-24 06:50:01'),
(22, 6, 2, 6.00, 6.00, '2026-06-24 06:50:01', '2026-06-24 06:50:01'),
(23, 6, 3, 1.00, 1.00, '2026-06-24 06:50:01', '2026-06-24 06:50:01'),
(24, 6, 4, 1.00, 1.00, '2026-06-24 06:50:01', '2026-06-24 06:50:01'),
(25, 7, 1, 215417.00, 1.00, '2026-06-24 06:50:01', '2026-06-24 06:50:01'),
(26, 7, 2, 3.00, 3.00, '2026-06-24 06:50:01', '2026-06-24 06:50:01'),
(27, 7, 3, 3.00, 3.00, '2026-06-24 06:50:01', '2026-06-24 06:50:01'),
(28, 7, 4, 3.00, 3.00, '2026-06-24 06:50:01', '2026-06-24 06:50:01'),
(29, 8, 1, 375564.00, 2.00, '2026-06-24 06:50:01', '2026-06-24 06:50:01'),
(30, 8, 2, 6.00, 6.00, '2026-06-24 06:50:01', '2026-06-24 06:50:01'),
(31, 8, 3, 2.00, 2.00, '2026-06-24 06:50:01', '2026-06-24 06:50:01'),
(32, 8, 4, 3.00, 3.00, '2026-06-24 06:50:01', '2026-06-24 06:50:01'),
(33, 9, 1, 854492.00, 3.00, '2026-06-24 06:50:01', '2026-06-24 06:50:01'),
(34, 9, 2, 4.00, 4.00, '2026-06-24 06:50:01', '2026-06-24 06:50:01'),
(35, 9, 3, 2.00, 2.00, '2026-06-24 06:50:01', '2026-06-24 06:50:01'),
(36, 9, 4, 1.00, 1.00, '2026-06-24 06:50:01', '2026-06-24 06:50:01'),
(37, 10, 1, 238849.00, 1.00, '2026-06-24 06:50:01', '2026-06-24 06:50:01'),
(38, 10, 2, 6.00, 6.00, '2026-06-24 06:50:01', '2026-06-24 06:50:01'),
(39, 10, 3, 2.00, 2.00, '2026-06-24 06:50:01', '2026-06-24 06:50:01'),
(40, 10, 4, 1.00, 1.00, '2026-06-24 06:50:01', '2026-06-24 06:50:01'),
(41, 11, 1, 519822.00, 2.00, '2026-06-24 06:50:01', '2026-06-24 06:50:01'),
(42, 11, 2, 2.00, 2.00, '2026-06-24 06:50:01', '2026-06-24 06:50:01'),
(43, 11, 3, 2.00, 2.00, '2026-06-24 06:50:01', '2026-06-24 06:50:01'),
(44, 11, 4, 3.00, 3.00, '2026-06-24 06:50:01', '2026-06-24 06:50:01'),
(45, 12, 1, 330723.00, 2.00, '2026-06-24 06:50:01', '2026-06-24 06:50:01'),
(46, 12, 2, 5.00, 5.00, '2026-06-24 06:50:01', '2026-06-24 06:50:01'),
(47, 12, 3, 1.00, 1.00, '2026-06-24 06:50:01', '2026-06-24 06:50:01'),
(48, 12, 4, 1.00, 1.00, '2026-06-24 06:50:01', '2026-06-24 06:50:01'),
(49, 13, 1, 761648.00, 3.00, '2026-06-24 06:50:01', '2026-06-24 06:50:01'),
(50, 13, 2, 2.00, 2.00, '2026-06-24 06:50:01', '2026-06-24 06:50:01'),
(51, 13, 3, 1.00, 1.00, '2026-06-24 06:50:01', '2026-06-24 06:50:01'),
(52, 13, 4, 2.00, 2.00, '2026-06-24 06:50:01', '2026-06-24 06:50:01'),
(53, 14, 1, 284948.00, 1.00, '2026-06-24 06:50:01', '2026-06-24 06:50:01'),
(54, 14, 2, 5.00, 5.00, '2026-06-24 06:50:01', '2026-06-24 06:50:01'),
(55, 14, 3, 2.00, 2.00, '2026-06-24 06:50:01', '2026-06-24 06:50:01'),
(56, 14, 4, 2.00, 2.00, '2026-06-24 06:50:02', '2026-06-24 06:50:02'),
(57, 15, 1, 713778.00, 3.00, '2026-06-24 06:50:02', '2026-06-24 06:50:02'),
(58, 15, 2, 5.00, 5.00, '2026-06-24 06:50:02', '2026-06-24 06:50:02'),
(59, 15, 3, 1.00, 1.00, '2026-06-24 06:50:02', '2026-06-24 06:50:02'),
(60, 15, 4, 2.00, 2.00, '2026-06-24 06:50:02', '2026-06-24 06:50:02'),
(61, 16, 1, 777353.00, 3.00, '2026-06-24 06:50:02', '2026-06-24 06:50:02'),
(62, 16, 2, 1.00, 1.00, '2026-06-24 06:50:02', '2026-06-24 06:50:02'),
(63, 16, 3, 2.00, 2.00, '2026-06-24 06:50:02', '2026-06-24 06:50:02'),
(64, 16, 4, 2.00, 2.00, '2026-06-24 06:50:02', '2026-06-24 06:50:02'),
(65, 17, 1, 344182.00, 2.00, '2026-06-24 06:50:02', '2026-06-24 06:50:02'),
(66, 17, 2, 6.00, 6.00, '2026-06-24 06:50:02', '2026-06-24 06:50:02'),
(67, 17, 3, 2.00, 2.00, '2026-06-24 06:50:02', '2026-06-24 06:50:02'),
(68, 17, 4, 3.00, 3.00, '2026-06-24 06:50:02', '2026-06-24 06:50:02'),
(69, 18, 1, 526177.00, 2.00, '2026-06-24 06:50:02', '2026-06-24 06:50:02'),
(70, 18, 2, 2.00, 2.00, '2026-06-24 06:50:02', '2026-06-24 06:50:02'),
(71, 18, 3, 1.00, 1.00, '2026-06-24 06:50:02', '2026-06-24 06:50:02'),
(72, 18, 4, 1.00, 1.00, '2026-06-24 06:50:02', '2026-06-24 06:50:02'),
(73, 19, 1, 830289.00, 3.00, '2026-06-24 06:50:02', '2026-06-24 06:50:02'),
(74, 19, 2, 4.00, 4.00, '2026-06-24 06:50:02', '2026-06-24 06:50:02'),
(75, 19, 3, 0.00, 0.00, '2026-06-24 06:50:02', '2026-06-24 06:50:02'),
(76, 19, 4, 3.00, 3.00, '2026-06-24 06:50:02', '2026-06-24 06:50:02'),
(77, 20, 1, 848338.00, 3.00, '2026-06-24 06:50:02', '2026-06-24 06:50:02'),
(78, 20, 2, 5.00, 5.00, '2026-06-24 06:50:02', '2026-06-24 06:50:02'),
(79, 20, 3, 1.00, 1.00, '2026-06-24 06:50:02', '2026-06-24 06:50:02'),
(80, 20, 4, 2.00, 2.00, '2026-06-24 06:50:02', '2026-06-24 06:50:02'),
(81, 21, 1, 901579.00, 3.00, '2026-06-24 06:50:02', '2026-06-24 06:50:02'),
(82, 21, 2, 3.00, 3.00, '2026-06-24 06:50:02', '2026-06-24 06:50:02'),
(83, 21, 3, 1.00, 1.00, '2026-06-24 06:50:02', '2026-06-24 06:50:02'),
(84, 21, 4, 1.00, 1.00, '2026-06-24 06:50:02', '2026-06-24 06:50:02'),
(85, 22, 1, 386605.00, 2.00, '2026-06-24 06:50:02', '2026-06-24 06:50:02'),
(86, 22, 2, 5.00, 5.00, '2026-06-24 06:50:02', '2026-06-24 06:50:02'),
(87, 22, 3, 2.00, 2.00, '2026-06-24 06:50:02', '2026-06-24 06:50:02'),
(88, 22, 4, 3.00, 3.00, '2026-06-24 06:50:02', '2026-06-24 06:50:02'),
(89, 23, 1, 502131.00, 2.00, '2026-06-24 06:50:02', '2026-06-24 06:50:02'),
(90, 23, 2, 4.00, 4.00, '2026-06-24 06:50:02', '2026-06-24 06:50:02'),
(91, 23, 3, 2.00, 2.00, '2026-06-24 06:50:02', '2026-06-24 06:50:02'),
(92, 23, 4, 1.00, 1.00, '2026-06-24 06:50:02', '2026-06-24 06:50:02'),
(93, 24, 1, 346512.00, 2.00, '2026-06-24 06:50:02', '2026-06-24 06:50:02'),
(94, 24, 2, 3.00, 3.00, '2026-06-24 06:50:02', '2026-06-24 06:50:02'),
(95, 24, 3, 2.00, 2.00, '2026-06-24 06:50:02', '2026-06-24 06:50:02'),
(96, 24, 4, 1.00, 1.00, '2026-06-24 06:50:02', '2026-06-24 06:50:02'),
(97, 25, 1, 941498.00, 3.00, '2026-06-24 06:50:02', '2026-06-24 06:50:02'),
(98, 25, 2, 1.00, 1.00, '2026-06-24 06:50:02', '2026-06-24 06:50:02'),
(99, 25, 3, 1.00, 1.00, '2026-06-24 06:50:02', '2026-06-24 06:50:02'),
(100, 25, 4, 1.00, 1.00, '2026-06-24 06:50:02', '2026-06-24 06:50:02'),
(101, 26, 1, 486311.00, 2.00, '2026-06-24 06:50:02', '2026-06-24 06:50:02'),
(102, 26, 2, 6.00, 6.00, '2026-06-24 06:50:02', '2026-06-24 06:50:02'),
(103, 26, 3, 1.00, 1.00, '2026-06-24 06:50:02', '2026-06-24 06:50:02'),
(104, 26, 4, 1.00, 1.00, '2026-06-24 06:50:02', '2026-06-24 06:50:02'),
(105, 27, 1, 514985.00, 2.00, '2026-06-24 06:50:02', '2026-06-24 06:50:02'),
(106, 27, 2, 3.00, 3.00, '2026-06-24 06:50:02', '2026-06-24 06:50:02'),
(107, 27, 3, 2.00, 2.00, '2026-06-24 06:50:02', '2026-06-24 06:50:02'),
(108, 27, 4, 2.00, 2.00, '2026-06-24 06:50:02', '2026-06-24 06:50:02'),
(109, 28, 1, 321341.00, 2.00, '2026-06-24 06:50:02', '2026-06-24 06:50:02'),
(110, 28, 2, 1.00, 1.00, '2026-06-24 06:50:02', '2026-06-24 06:50:02'),
(111, 28, 3, 2.00, 2.00, '2026-06-24 06:50:02', '2026-06-24 06:50:02'),
(112, 28, 4, 2.00, 2.00, '2026-06-24 06:50:02', '2026-06-24 06:50:02'),
(113, 29, 1, 531056.00, 2.00, '2026-06-24 06:50:02', '2026-06-24 06:50:02'),
(114, 29, 2, 2.00, 2.00, '2026-06-24 06:50:02', '2026-06-24 06:50:02'),
(115, 29, 3, 2.00, 2.00, '2026-06-24 06:50:02', '2026-06-24 06:50:02'),
(116, 29, 4, 1.00, 1.00, '2026-06-24 06:50:02', '2026-06-24 06:50:02'),
(117, 30, 1, 707680.00, 3.00, '2026-06-24 06:50:02', '2026-06-24 06:50:02'),
(118, 30, 2, 5.00, 5.00, '2026-06-24 06:50:02', '2026-06-24 06:50:02'),
(119, 30, 3, 1.00, 1.00, '2026-06-24 06:50:02', '2026-06-24 06:50:02'),
(120, 30, 4, 1.00, 1.00, '2026-06-24 06:50:02', '2026-06-24 06:50:02'),
(121, 31, 1, 596417.00, 2.00, '2026-06-24 06:50:02', '2026-06-24 06:50:02'),
(122, 31, 2, 2.00, 2.00, '2026-06-24 06:50:02', '2026-06-24 06:50:02'),
(123, 31, 3, 0.00, 0.00, '2026-06-24 06:50:02', '2026-06-24 06:50:02'),
(124, 31, 4, 2.00, 2.00, '2026-06-24 06:50:02', '2026-06-24 06:50:02'),
(125, 32, 1, 725945.00, 3.00, '2026-06-24 06:50:02', '2026-06-24 06:50:02'),
(126, 32, 2, 1.00, 1.00, '2026-06-24 06:50:02', '2026-06-24 06:50:02'),
(127, 32, 3, 2.00, 2.00, '2026-06-24 06:50:02', '2026-06-24 06:50:02'),
(128, 32, 4, 1.00, 1.00, '2026-06-24 06:50:02', '2026-06-24 06:50:02'),
(129, 33, 1, 218571.00, 1.00, '2026-06-24 06:50:02', '2026-06-24 06:50:02'),
(130, 33, 2, 5.00, 5.00, '2026-06-24 06:50:02', '2026-06-24 06:50:02'),
(131, 33, 3, 2.00, 2.00, '2026-06-24 06:50:02', '2026-06-24 06:50:02'),
(132, 33, 4, 1.00, 1.00, '2026-06-24 06:50:02', '2026-06-24 06:50:02'),
(133, 34, 1, 304805.00, 2.00, '2026-06-24 06:50:02', '2026-06-24 06:50:02'),
(134, 34, 2, 1.00, 1.00, '2026-06-24 06:50:02', '2026-06-24 06:50:02'),
(135, 34, 3, 2.00, 2.00, '2026-06-24 06:50:02', '2026-06-24 06:50:02'),
(136, 34, 4, 2.00, 2.00, '2026-06-24 06:50:02', '2026-06-24 06:50:02'),
(137, 35, 1, 680151.00, 3.00, '2026-06-24 06:50:02', '2026-06-24 06:50:02'),
(138, 35, 2, 5.00, 5.00, '2026-06-24 06:50:02', '2026-06-24 06:50:02'),
(139, 35, 3, 2.00, 2.00, '2026-06-24 06:50:02', '2026-06-24 06:50:02'),
(140, 35, 4, 1.00, 1.00, '2026-06-24 06:50:02', '2026-06-24 06:50:02'),
(141, 36, 1, 545011.00, 2.00, '2026-06-24 06:50:02', '2026-06-24 06:50:02'),
(142, 36, 2, 6.00, 6.00, '2026-06-24 06:50:02', '2026-06-24 06:50:02'),
(143, 36, 3, 0.00, 0.00, '2026-06-24 06:50:02', '2026-06-24 06:50:02'),
(144, 36, 4, 3.00, 3.00, '2026-06-24 06:50:02', '2026-06-24 06:50:02'),
(145, 37, 1, 633605.00, 3.00, '2026-06-24 06:50:02', '2026-06-24 06:50:02'),
(146, 37, 2, 2.00, 2.00, '2026-06-24 06:50:02', '2026-06-24 06:50:02'),
(147, 37, 3, 1.00, 1.00, '2026-06-24 06:50:02', '2026-06-24 06:50:02'),
(148, 37, 4, 2.00, 2.00, '2026-06-24 06:50:02', '2026-06-24 06:50:02'),
(149, 38, 1, 699521.00, 3.00, '2026-06-24 06:50:02', '2026-06-24 06:50:02'),
(150, 38, 2, 2.00, 2.00, '2026-06-24 06:50:02', '2026-06-24 06:50:02'),
(151, 38, 3, 1.00, 1.00, '2026-06-24 06:50:02', '2026-06-24 06:50:02'),
(152, 38, 4, 1.00, 1.00, '2026-06-24 06:50:02', '2026-06-24 06:50:02'),
(153, 39, 1, 391328.00, 2.00, '2026-06-24 06:50:02', '2026-06-24 06:50:02'),
(154, 39, 2, 3.00, 3.00, '2026-06-24 06:50:02', '2026-06-24 06:50:02'),
(155, 39, 3, 0.00, 0.00, '2026-06-24 06:50:02', '2026-06-24 06:50:02'),
(156, 39, 4, 1.00, 1.00, '2026-06-24 06:50:02', '2026-06-24 06:50:02'),
(157, 40, 1, 241067.00, 1.00, '2026-06-24 06:50:02', '2026-06-24 06:50:02'),
(158, 40, 2, 4.00, 4.00, '2026-06-24 06:50:02', '2026-06-24 06:50:02'),
(159, 40, 3, 3.00, 3.00, '2026-06-24 06:50:02', '2026-06-24 06:50:02'),
(160, 40, 4, 2.00, 2.00, '2026-06-24 06:50:02', '2026-06-24 06:50:02'),
(161, 41, 1, 569191.00, 2.00, '2026-06-24 06:50:02', '2026-06-24 06:50:02'),
(162, 41, 2, 6.00, 6.00, '2026-06-24 06:50:02', '2026-06-24 06:50:02'),
(163, 41, 3, 1.00, 1.00, '2026-06-24 06:50:02', '2026-06-24 06:50:02'),
(164, 41, 4, 2.00, 2.00, '2026-06-24 06:50:02', '2026-06-24 06:50:02'),
(165, 42, 1, 205004.00, 1.00, '2026-06-24 06:50:02', '2026-06-24 06:50:02'),
(166, 42, 2, 5.00, 5.00, '2026-06-24 06:50:02', '2026-06-24 06:50:02'),
(167, 42, 3, 2.00, 2.00, '2026-06-24 06:50:02', '2026-06-24 06:50:02'),
(168, 42, 4, 1.00, 1.00, '2026-06-24 06:50:02', '2026-06-24 06:50:02'),
(169, 43, 1, 873321.00, 3.00, '2026-06-24 06:50:02', '2026-06-24 06:50:02'),
(170, 43, 2, 5.00, 5.00, '2026-06-24 06:50:02', '2026-06-24 06:50:02'),
(171, 43, 3, 2.00, 2.00, '2026-06-24 06:50:02', '2026-06-24 06:50:02'),
(172, 43, 4, 3.00, 3.00, '2026-06-24 06:50:02', '2026-06-24 06:50:02'),
(173, 44, 1, 686611.00, 3.00, '2026-06-24 06:50:02', '2026-06-24 06:50:02'),
(174, 44, 2, 3.00, 3.00, '2026-06-24 06:50:02', '2026-06-24 06:50:02'),
(175, 44, 3, 1.00, 1.00, '2026-06-24 06:50:02', '2026-06-24 06:50:02'),
(176, 44, 4, 3.00, 3.00, '2026-06-24 06:50:02', '2026-06-24 06:50:02'),
(177, 45, 1, 351945.00, 2.00, '2026-06-24 06:50:02', '2026-06-24 06:50:02'),
(178, 45, 2, 4.00, 4.00, '2026-06-24 06:50:02', '2026-06-24 06:50:02'),
(179, 45, 3, 2.00, 2.00, '2026-06-24 06:50:02', '2026-06-24 06:50:02'),
(180, 45, 4, 1.00, 1.00, '2026-06-24 06:50:02', '2026-06-24 06:50:02'),
(181, 46, 1, 729973.00, 3.00, '2026-06-24 06:50:02', '2026-06-24 06:50:02'),
(182, 46, 2, 5.00, 5.00, '2026-06-24 06:50:02', '2026-06-24 06:50:02'),
(183, 46, 3, 2.00, 2.00, '2026-06-24 06:50:02', '2026-06-24 06:50:02'),
(184, 46, 4, 2.00, 2.00, '2026-06-24 06:50:02', '2026-06-24 06:50:02'),
(185, 47, 1, 514213.00, 2.00, '2026-06-24 06:50:02', '2026-06-24 06:50:02'),
(186, 47, 2, 4.00, 4.00, '2026-06-24 06:50:02', '2026-06-24 06:50:02'),
(187, 47, 3, 1.00, 1.00, '2026-06-24 06:50:02', '2026-06-24 06:50:02'),
(188, 47, 4, 2.00, 2.00, '2026-06-24 06:50:02', '2026-06-24 06:50:02'),
(189, 48, 1, 807291.00, 3.00, '2026-06-24 06:50:02', '2026-06-24 06:50:02'),
(190, 48, 2, 1.00, 1.00, '2026-06-24 06:50:02', '2026-06-24 06:50:02'),
(191, 48, 3, 1.00, 1.00, '2026-06-24 06:50:02', '2026-06-24 06:50:02'),
(192, 48, 4, 1.00, 1.00, '2026-06-24 06:50:02', '2026-06-24 06:50:02'),
(193, 49, 1, 757763.00, 3.00, '2026-06-24 06:50:02', '2026-06-24 06:50:02'),
(194, 49, 2, 3.00, 3.00, '2026-06-24 06:50:02', '2026-06-24 06:50:02'),
(195, 49, 3, 0.00, 0.00, '2026-06-24 06:50:02', '2026-06-24 06:50:02'),
(196, 49, 4, 2.00, 2.00, '2026-06-24 06:50:02', '2026-06-24 06:50:02'),
(197, 50, 1, 401639.00, 2.00, '2026-06-24 06:50:02', '2026-06-24 06:50:02'),
(198, 50, 2, 5.00, 5.00, '2026-06-24 06:50:02', '2026-06-24 06:50:02'),
(199, 50, 3, 2.00, 2.00, '2026-06-24 06:50:02', '2026-06-24 06:50:02'),
(200, 50, 4, 2.00, 2.00, '2026-06-24 06:50:02', '2026-06-24 06:50:02'),
(201, 51, 1, 900838.00, 3.00, '2026-06-24 06:50:02', '2026-06-24 06:50:02'),
(202, 51, 2, 6.00, 6.00, '2026-06-24 06:50:02', '2026-06-24 06:50:02'),
(203, 51, 3, 1.00, 1.00, '2026-06-24 06:50:02', '2026-06-24 06:50:02'),
(204, 51, 4, 1.00, 1.00, '2026-06-24 06:50:02', '2026-06-24 06:50:02'),
(205, 52, 1, 500958.00, 2.00, '2026-06-24 06:50:02', '2026-06-24 06:50:02'),
(206, 52, 2, 3.00, 3.00, '2026-06-24 06:50:02', '2026-06-24 06:50:02'),
(207, 52, 3, 2.00, 2.00, '2026-06-24 06:50:02', '2026-06-24 06:50:02'),
(208, 52, 4, 1.00, 1.00, '2026-06-24 06:50:02', '2026-06-24 06:50:02'),
(209, 53, 1, 607289.00, 3.00, '2026-06-24 06:50:02', '2026-06-24 06:50:02'),
(210, 53, 2, 1.00, 1.00, '2026-06-24 06:50:02', '2026-06-24 06:50:02'),
(211, 53, 3, 2.00, 2.00, '2026-06-24 06:50:02', '2026-06-24 06:50:02'),
(212, 53, 4, 2.00, 2.00, '2026-06-24 06:50:02', '2026-06-24 06:50:02'),
(213, 54, 1, 525045.00, 2.00, '2026-06-24 06:50:02', '2026-06-24 06:50:02'),
(214, 54, 2, 6.00, 6.00, '2026-06-24 06:50:02', '2026-06-24 06:50:02'),
(215, 54, 3, 3.00, 3.00, '2026-06-24 06:50:02', '2026-06-24 06:50:02'),
(216, 54, 4, 1.00, 1.00, '2026-06-24 06:50:02', '2026-06-24 06:50:02'),
(217, 55, 1, 602581.00, 3.00, '2026-06-24 06:50:02', '2026-06-24 06:50:02'),
(218, 55, 2, 3.00, 3.00, '2026-06-24 06:50:02', '2026-06-24 06:50:02'),
(219, 55, 3, 1.00, 1.00, '2026-06-24 06:50:02', '2026-06-24 06:50:02'),
(220, 55, 4, 3.00, 3.00, '2026-06-24 06:50:02', '2026-06-24 06:50:02'),
(221, 56, 1, 833636.00, 3.00, '2026-06-24 06:50:02', '2026-06-24 06:50:02'),
(222, 56, 2, 2.00, 2.00, '2026-06-24 06:50:02', '2026-06-24 06:50:02'),
(223, 56, 3, 2.00, 2.00, '2026-06-24 06:50:02', '2026-06-24 06:50:02'),
(224, 56, 4, 2.00, 2.00, '2026-06-24 06:50:02', '2026-06-24 06:50:02'),
(225, 57, 1, 643762.00, 3.00, '2026-06-24 06:50:02', '2026-06-24 06:50:02'),
(226, 57, 2, 1.00, 1.00, '2026-06-24 06:50:02', '2026-06-24 06:50:02'),
(227, 57, 3, 1.00, 1.00, '2026-06-24 06:50:02', '2026-06-24 06:50:02'),
(228, 57, 4, 2.00, 2.00, '2026-06-24 06:50:02', '2026-06-24 06:50:02'),
(229, 58, 1, 645123.00, 3.00, '2026-06-24 06:50:02', '2026-06-24 06:50:02'),
(230, 58, 2, 4.00, 4.00, '2026-06-24 06:50:02', '2026-06-24 06:50:02'),
(231, 58, 3, 0.00, 0.00, '2026-06-24 06:50:02', '2026-06-24 06:50:02'),
(232, 58, 4, 1.00, 1.00, '2026-06-24 06:50:02', '2026-06-24 06:50:02'),
(233, 59, 1, 820456.00, 3.00, '2026-06-24 06:50:02', '2026-06-24 06:50:02'),
(234, 59, 2, 4.00, 4.00, '2026-06-24 06:50:02', '2026-06-24 06:50:02'),
(235, 59, 3, 2.00, 2.00, '2026-06-24 06:50:02', '2026-06-24 06:50:02'),
(236, 59, 4, 3.00, 3.00, '2026-06-24 06:50:02', '2026-06-24 06:50:02'),
(237, 60, 1, 178932.00, 1.00, '2026-06-24 06:50:02', '2026-06-24 06:50:02'),
(238, 60, 2, 1.00, 1.00, '2026-06-24 06:50:02', '2026-06-24 06:50:02'),
(239, 60, 3, 1.00, 1.00, '2026-06-24 06:50:02', '2026-06-24 06:50:02'),
(240, 60, 4, 3.00, 3.00, '2026-06-24 06:50:02', '2026-06-24 06:50:02'),
(241, 61, 1, 312456.00, 2.00, '2026-06-24 06:50:02', '2026-06-24 06:50:02'),
(242, 61, 2, 5.00, 5.00, '2026-06-24 06:50:02', '2026-06-24 06:50:02'),
(243, 61, 3, 2.00, 2.00, '2026-06-24 06:50:02', '2026-06-24 06:50:02'),
(244, 61, 4, 2.00, 2.00, '2026-06-24 06:50:02', '2026-06-24 06:50:02'),
(245, 62, 1, 198765.00, 1.00, '2026-06-24 06:50:02', '2026-06-24 06:50:02'),
(246, 62, 2, 6.00, 6.00, '2026-06-24 06:50:02', '2026-06-24 06:50:02'),
(247, 62, 3, 1.00, 1.00, '2026-06-24 06:50:02', '2026-06-24 06:50:02'),
(248, 62, 4, 1.00, 1.00, '2026-06-24 06:50:02', '2026-06-24 06:50:02'),
(249, 63, 1, 267890.00, 1.00, '2026-06-24 06:50:02', '2026-06-24 06:50:02'),
(250, 63, 2, 4.00, 4.00, '2026-06-24 06:50:02', '2026-06-24 06:50:02'),
(251, 63, 3, 1.00, 1.00, '2026-06-24 06:50:02', '2026-06-24 06:50:02'),
(252, 63, 4, 1.00, 1.00, '2026-06-24 06:50:02', '2026-06-24 06:50:02'),
(253, 64, 1, 423567.00, 2.00, '2026-06-24 06:50:02', '2026-06-24 06:50:02'),
(254, 64, 2, 4.00, 4.00, '2026-06-24 06:50:02', '2026-06-24 06:50:02'),
(255, 64, 3, 2.00, 2.00, '2026-06-24 06:50:02', '2026-06-24 06:50:02'),
(256, 64, 4, 2.00, 2.00, '2026-06-24 06:50:02', '2026-06-24 06:50:02'),
(257, 65, 1, 589234.00, 2.00, '2026-06-24 06:50:02', '2026-06-24 06:50:02'),
(258, 65, 2, 4.00, 4.00, '2026-06-24 06:50:02', '2026-06-24 06:50:02'),
(259, 65, 3, 2.00, 2.00, '2026-06-24 06:50:02', '2026-06-24 06:50:02'),
(260, 65, 4, 3.00, 3.00, '2026-06-24 06:50:02', '2026-06-24 06:50:02'),
(261, 66, 1, 512345.00, 2.00, '2026-06-24 06:50:02', '2026-06-24 06:50:02'),
(262, 66, 2, 1.00, 1.00, '2026-06-24 06:50:02', '2026-06-24 06:50:02'),
(263, 66, 3, 2.00, 2.00, '2026-06-24 06:50:02', '2026-06-24 06:50:02'),
(264, 66, 4, 1.00, 1.00, '2026-06-24 06:50:02', '2026-06-24 06:50:02'),
(265, 67, 1, 478923.00, 2.00, '2026-06-24 06:50:02', '2026-06-24 06:50:02'),
(266, 67, 2, 1.00, 1.00, '2026-06-24 06:50:02', '2026-06-24 06:50:02'),
(267, 67, 3, 1.00, 1.00, '2026-06-24 06:50:02', '2026-06-24 06:50:02'),
(268, 67, 4, 2.00, 2.00, '2026-06-24 06:50:02', '2026-06-24 06:50:02'),
(269, 68, 1, 756789.00, 3.00, '2026-06-24 06:50:02', '2026-06-24 06:50:02'),
(270, 68, 2, 3.00, 3.00, '2026-06-24 06:50:02', '2026-06-24 06:50:02'),
(271, 68, 3, 0.00, 0.00, '2026-06-24 06:50:02', '2026-06-24 06:50:02'),
(272, 68, 4, 2.00, 2.00, '2026-06-24 06:50:02', '2026-06-24 06:50:02'),
(273, 69, 1, 234567.00, 1.00, '2026-06-24 06:50:02', '2026-06-24 06:50:02'),
(274, 69, 2, 6.00, 6.00, '2026-06-24 06:50:02', '2026-06-24 06:50:02'),
(275, 69, 3, 2.00, 2.00, '2026-06-24 06:50:02', '2026-06-24 06:50:02'),
(276, 69, 4, 2.00, 2.00, '2026-06-24 06:50:02', '2026-06-24 06:50:02'),
(277, 70, 1, 867890.00, 3.00, '2026-06-24 06:50:02', '2026-06-24 06:50:02'),
(278, 70, 2, 5.00, 5.00, '2026-06-24 06:50:02', '2026-06-24 06:50:02'),
(279, 70, 3, 1.00, 1.00, '2026-06-24 06:50:02', '2026-06-24 06:50:02'),
(280, 70, 4, 1.00, 1.00, '2026-06-24 06:50:02', '2026-06-24 06:50:02'),
(281, 71, 1, 356789.00, 2.00, '2026-06-24 06:50:02', '2026-06-24 06:50:02'),
(282, 71, 2, 4.00, 4.00, '2026-06-24 06:50:02', '2026-06-24 06:50:02'),
(283, 71, 3, 1.00, 1.00, '2026-06-24 06:50:02', '2026-06-24 06:50:02'),
(284, 71, 4, 3.00, 3.00, '2026-06-24 06:50:02', '2026-06-24 06:50:02'),
(285, 72, 1, 589012.00, 2.00, '2026-06-24 06:50:02', '2026-06-24 06:50:02'),
(286, 72, 2, 5.00, 5.00, '2026-06-24 06:50:02', '2026-06-24 06:50:02'),
(287, 72, 3, 0.00, 0.00, '2026-06-24 06:50:02', '2026-06-24 06:50:02'),
(288, 72, 4, 2.00, 2.00, '2026-06-24 06:50:02', '2026-06-24 06:50:02'),
(289, 73, 1, 812345.00, 3.00, '2026-06-24 06:50:02', '2026-06-24 06:50:02'),
(290, 73, 2, 5.00, 5.00, '2026-06-24 06:50:02', '2026-06-24 06:50:02'),
(291, 73, 3, 2.00, 2.00, '2026-06-24 06:50:02', '2026-06-24 06:50:02'),
(292, 73, 4, 1.00, 1.00, '2026-06-24 06:50:02', '2026-06-24 06:50:02');

-- --------------------------------------------------------

--
-- Table structure for table `password_reset_tokens`
--

CREATE TABLE `password_reset_tokens` (
  `email` varchar(255) NOT NULL,
  `token` varchar(255) NOT NULL,
  `created_at` timestamp NULL DEFAULT NULL
) ENGINE=InnoDB DEFAULT CHARSET=utf8mb4 COLLATE=utf8mb4_unicode_ci;

-- --------------------------------------------------------

--
-- Table structure for table `sessions`
--

CREATE TABLE `sessions` (
  `id` varchar(255) NOT NULL,
  `user_id` bigint(20) UNSIGNED DEFAULT NULL,
  `ip_address` varchar(45) DEFAULT NULL,
  `user_agent` text DEFAULT NULL,
  `payload` longtext NOT NULL,
  `last_activity` int(11) NOT NULL
) ENGINE=InnoDB DEFAULT CHARSET=utf8mb4 COLLATE=utf8mb4_unicode_ci;

--
-- Dumping data for table `sessions`
--

INSERT INTO `sessions` (`id`, `user_id`, `ip_address`, `user_agent`, `payload`, `last_activity`) VALUES
('8ClWtZBziWnNnVjy7fdFxcmSEhvyQEcWEaYAohue', 1, '127.0.0.1', 'Mozilla/5.0 (Windows NT 10.0; Win64; x64) AppleWebKit/537.36 (KHTML, like Gecko) Chrome/149.0.0.0 Safari/537.36', 'eyJfdG9rZW4iOiJsY0k1RHVQSU9FRXRTd2VmbU8zMEJYc0k5TDdkMHc3WVhldUo2RHZ4IiwiX3ByZXZpb3VzIjp7InVybCI6Imh0dHA6XC9cLzEyNy4wLjAuMTo4MDAwXC9kYXNoYm9hcmQiLCJyb3V0ZSI6ImRhc2hib2FyZCJ9LCJfZmxhc2giOnsib2xkIjpbXSwibmV3IjpbXX0sInVybCI6W10sImxvZ2luX3dlYl81OWJhMzZhZGRjMmIyZjk0MDE1ODBmMDE0YzdmNThlYTRlMzA5ODlkIjoxfQ==', 1782309044);

-- --------------------------------------------------------

--
-- Table structure for table `users`
--

CREATE TABLE `users` (
  `id` bigint(20) UNSIGNED NOT NULL,
  `name` varchar(255) NOT NULL,
  `email` varchar(255) NOT NULL,
  `email_verified_at` timestamp NULL DEFAULT NULL,
  `password` varchar(255) NOT NULL,
  `remember_token` varchar(100) DEFAULT NULL,
  `created_at` timestamp NULL DEFAULT NULL,
  `updated_at` timestamp NULL DEFAULT NULL
) ENGINE=InnoDB DEFAULT CHARSET=utf8mb4 COLLATE=utf8mb4_unicode_ci;

--
-- Dumping data for table `users`
--

INSERT INTO `users` (`id`, `name`, `email`, `email_verified_at`, `password`, `remember_token`, `created_at`, `updated_at`) VALUES
(1, 'Admin Operator', 'admin@gmail.com', '2026-06-24 06:50:01', '$2y$12$Haz6bpmZcZnhAp3j3F2EeuvP4u3x2arMLWYhKlXUW.bFGukIq0n4q', 'a958T3CzjJ', '2026-06-24 06:50:01', '2026-06-24 06:50:01');

-- --------------------------------------------------------

--
-- Table structure for table `wargas`
--

CREATE TABLE `wargas` (
  `id` bigint(20) UNSIGNED NOT NULL,
  `nik` varchar(255) NOT NULL,
  `nama` varchar(255) NOT NULL,
  `dusun` varchar(255) DEFAULT NULL,
  `alamat` text DEFAULT NULL,
  `pekerjaan` varchar(255) DEFAULT NULL,
  `latitude` decimal(11,8) DEFAULT NULL,
  `longitude` decimal(11,8) DEFAULT NULL,
  `created_at` timestamp NULL DEFAULT NULL,
  `updated_at` timestamp NULL DEFAULT NULL
) ENGINE=InnoDB DEFAULT CHARSET=utf8mb4 COLLATE=utf8mb4_unicode_ci;

--
-- Dumping data for table `wargas`
--

INSERT INTO `wargas` (`id`, `nik`, `nama`, `dusun`, `alamat`, `pekerjaan`, `latitude`, `longitude`, `created_at`, `updated_at`) VALUES
(1, '3527010101800001', 'AIDAH', 'CAMPOR', 'Dusun Campor, Desa Campor Barat', 'Pedagang', -6.88738500, 113.75861700, '2026-06-24 06:50:01', '2026-06-24 06:50:01'),
(2, '3527010101800002', 'ALIRIDA', 'CAMPOR', 'Dusun Campor, Desa Campor Barat', 'Pedagang', -6.88701600, 113.76205700, '2026-06-24 06:50:01', '2026-06-24 06:50:01'),
(3, '3527010101800003', 'ANJANI', 'CAMPOR', 'Dusun Campor, Desa Campor Barat', 'Petani', -6.88632200, 113.75889800, '2026-06-24 06:50:01', '2026-06-24 06:50:01'),
(4, '3527010101800004', 'ARFIYAH', 'CAMPOR', 'Dusun Campor, Desa Campor Barat', 'Petani', -6.88653500, 113.75982000, '2026-06-24 06:50:01', '2026-06-24 06:50:01'),
(5, '3527010101800005', 'EMMAR', 'CAMPOR', 'Dusun Campor, Desa Campor Barat', 'Petani', -6.88656200, 113.75891000, '2026-06-24 06:50:01', '2026-06-24 06:50:01'),
(6, '3527010101800006', 'HAIRUL UMAM', 'CAMPOR', 'Dusun Campor, Desa Campor Barat', 'Buruh', -6.88770300, 113.75902600, '2026-06-24 06:50:01', '2026-06-24 06:50:01'),
(7, '3527010101800007', 'HASANAH', 'CAMPOR', 'Dusun Campor, Desa Campor Barat', 'Pedagang', -6.88770300, 113.75902600, '2026-06-24 06:50:01', '2026-06-24 06:50:01'),
(8, '3527010101800008', 'IDA ROYANI', 'CAMPOR', 'Dusun Campor, Desa Campor Barat', 'Pedagang', -6.89094700, 113.76175500, '2026-06-24 06:50:01', '2026-06-24 06:50:01'),
(9, '3527010101800009', 'INSIYAH', 'CAMPOR', 'Dusun Campor, Desa Campor Barat', 'Pedagang', -6.89109200, 113.76273300, '2026-06-24 06:50:01', '2026-06-24 06:50:01'),
(10, '3527010101800010', 'ISNANI', 'CAMPOR', 'Dusun Campor, Desa Campor Barat', 'Buruh', -6.89098700, 113.76136200, '2026-06-24 06:50:01', '2026-06-24 06:50:01'),
(11, '3527010101800011', 'KARIMAH', 'CAMPOR', 'Dusun Campor, Desa Campor Barat', 'Pedagang', -6.88977400, 113.76056400, '2026-06-24 06:50:01', '2026-06-24 06:50:01'),
(12, '3527010101800012', 'KUSYANI', 'CAMPOR', 'Dusun Campor, Desa Campor Barat', 'Buruh', -6.88774000, 113.75980000, '2026-06-24 06:50:01', '2026-06-24 06:50:01'),
(13, '3527010101800013', 'LUJAIRIYAH', 'CAMPOR', 'Dusun Campor, Desa Campor Barat', 'Petani', -6.88722100, 113.75988200, '2026-06-24 06:50:01', '2026-06-24 06:50:01'),
(14, '3527010101800014', 'MAJJAD', 'CAMPOR', 'Dusun Campor, Desa Campor Barat', 'Petani', -6.88636800, 113.75597500, '2026-06-24 06:50:01', '2026-06-24 06:50:01'),
(15, '3527010101800015', 'MARKATI', 'CAMPOR', 'Dusun Campor, Desa Campor Barat', 'Petani', -6.88831700, 113.75948300, '2026-06-24 06:50:02', '2026-06-24 06:50:02'),
(16, '3527010101800016', 'MUALLIIMAH', 'CAMPOR', 'Dusun Campor, Desa Campor Barat', 'Pedagang', -6.88978300, 113.76283800, '2026-06-24 06:50:02', '2026-06-24 06:50:02'),
(17, '3527010101800017', 'MUHMA', 'CAMPOR', 'Dusun Campor, Desa Campor Barat', 'Petani', -6.88707200, 113.76295200, '2026-06-24 06:50:02', '2026-06-24 06:50:02'),
(18, '3527010101800018', 'MUNA', 'CAMPOR', 'Dusun Campor, Desa Campor Barat', 'Pedagang', -6.88982000, 113.76100000, '2026-06-24 06:50:02', '2026-06-24 06:50:02'),
(19, '3527010101800019', 'NAJIYAH', 'CAMPOR', 'Dusun Campor, Desa Campor Barat', 'Petani', -6.88750700, 113.75969300, '2026-06-24 06:50:02', '2026-06-24 06:50:02'),
(20, '3527010101800020', 'NURUL FITRIYAH', 'CAMPOR', 'Dusun Campor, Desa Campor Barat', 'Buruh', -6.88864200, 113.76057300, '2026-06-24 06:50:02', '2026-06-24 06:50:02'),
(21, '3527010101800021', 'PURIYA', 'CAMPOR', 'Dusun Campor, Desa Campor Barat', 'Petani', -6.88864200, 113.76057300, '2026-06-24 06:50:02', '2026-06-24 06:50:02'),
(22, '3527010101800022', 'RANIYAH', 'CAMPOR', 'Dusun Campor, Desa Campor Barat', 'Petani', -6.88978300, 113.76283800, '2026-06-24 06:50:02', '2026-06-24 06:50:02'),
(23, '3527010101800023', 'RIZKIYAH', 'CAMPOR', 'Dusun Campor, Desa Campor Barat', 'Buruh', -6.88831700, 113.75948300, '2026-06-24 06:50:02', '2026-06-24 06:50:02'),
(24, '3527010101800024', 'SABIRA', 'CAMPOR', 'Dusun Campor, Desa Campor Barat', 'Buruh', -6.88758700, 113.76416700, '2026-06-24 06:50:02', '2026-06-24 06:50:02'),
(25, '3527010101800025', 'SAMMIN', 'CAMPOR', 'Dusun Campor, Desa Campor Barat', 'Petani', -6.88910700, 113.76105400, '2026-06-24 06:50:02', '2026-06-24 06:50:02'),
(26, '3527010101800026', 'SITI AMINA', 'CAMPOR', 'Dusun Campor, Desa Campor Barat', 'Buruh', -6.88910700, 113.76105400, '2026-06-24 06:50:02', '2026-06-24 06:50:02'),
(27, '3527010101800027', 'SITI MARYAM', 'CAMPOR', 'Dusun Campor, Desa Campor Barat', 'Petani', -6.88866200, 113.75933800, '2026-06-24 06:50:02', '2026-06-24 06:50:02'),
(28, '3527010101800028', 'SITI RAMLAH', 'CAMPOR', 'Dusun Campor, Desa Campor Barat', 'Buruh', -6.88643800, 113.75643800, '2026-06-24 06:50:02', '2026-06-24 06:50:02'),
(29, '3527010101800029', 'SUHAINA', 'CAMPOR', 'Dusun Campor, Desa Campor Barat', 'Petani', -6.88776200, 113.75932000, '2026-06-24 06:50:02', '2026-06-24 06:50:02'),
(30, '3527010101800030', 'SU\'INNA', 'CAMPOR', 'Dusun Campor, Desa Campor Barat', 'Petani', -6.88986500, 113.76159500, '2026-06-24 06:50:02', '2026-06-24 06:50:02'),
(31, '3527010101800031', 'SUNAMI', 'CAMPOR', 'Dusun Campor, Desa Campor Barat', 'Buruh', -6.88659700, 113.75824000, '2026-06-24 06:50:02', '2026-06-24 06:50:02'),
(32, '3527010101800032', 'SUTRIYAH', 'CAMPOR', 'Dusun Campor, Desa Campor Barat', 'Petani', -6.88722100, 113.75988200, '2026-06-24 06:50:02', '2026-06-24 06:50:02'),
(33, '3527010101800033', 'UNSIYAH', 'CAMPOR', 'Dusun Campor, Desa Campor Barat', 'Buruh', -6.88888200, 113.76001800, '2026-06-24 06:50:02', '2026-06-24 06:50:02'),
(34, '3527010101800034', 'YULIANA', 'CAMPOR', 'Dusun Campor, Desa Campor Barat', 'Pedagang', -6.88954700, 113.76364200, '2026-06-24 06:50:02', '2026-06-24 06:50:02'),
(35, '3527010101800035', 'IDHA', 'CAMPOR', 'Dusun Campor, Desa Campor Barat', 'Buruh', -6.88866200, 113.75933800, '2026-06-24 06:50:02', '2026-06-24 06:50:02'),
(36, '3527010101800036', 'HASANAH 2', 'CAMPOR', 'Dusun Campor, Desa Campor Barat', 'Petani', -6.88788800, 113.75934800, '2026-06-24 06:50:02', '2026-06-24 06:50:02'),
(37, '3527010101800037', 'MUHMA 2', 'CAMPOR', 'Dusun Campor, Desa Campor Barat', 'Petani', -6.88866200, 113.75933800, '2026-06-24 06:50:02', '2026-06-24 06:50:02'),
(38, '3527010101800038', 'BADI\'AH', 'KOLPOH', 'Dusun Kolpoh, Desa Campor Barat', 'Petani', -6.88599600, 113.75113500, '2026-06-24 06:50:02', '2026-06-24 06:50:02'),
(39, '3527010101800039', 'BUSIYA', 'KOLPOH', 'Dusun Kolpoh, Desa Campor Barat', 'Petani', -6.88696900, 113.74987500, '2026-06-24 06:50:02', '2026-06-24 06:50:02'),
(40, '3527010101800040', 'DANIYA', 'KOLPOH', 'Dusun Kolpoh, Desa Campor Barat', 'Buruh', -6.88931000, 113.75026400, '2026-06-24 06:50:02', '2026-06-24 06:50:02'),
(41, '3527010101800041', 'ESSUM', 'KOLPOH', 'Dusun Kolpoh, Desa Campor Barat', 'Petani', -6.89009300, 113.75001600, '2026-06-24 06:50:02', '2026-06-24 06:50:02'),
(42, '3527010101800042', 'HENA', 'KOLPOH', 'Dusun Kolpoh, Desa Campor Barat', 'Buruh', -6.89026500, 113.74926300, '2026-06-24 06:50:02', '2026-06-24 06:50:02'),
(43, '3527010101800043', 'HOSNI', 'KOLPOH', 'Dusun Kolpoh, Desa Campor Barat', 'Petani', -6.89119300, 113.74878400, '2026-06-24 06:50:02', '2026-06-24 06:50:02'),
(44, '3527010101800044', 'MARTINI', 'KOLPOH', 'Dusun Kolpoh, Desa Campor Barat', 'Petani', -6.89127300, 113.74881800, '2026-06-24 06:50:02', '2026-06-24 06:50:02'),
(45, '3527010101800045', 'MASRI\'A', 'KOLPOH', 'Dusun Kolpoh, Desa Campor Barat', 'Buruh', -6.89327200, 113.74892900, '2026-06-24 06:50:02', '2026-06-24 06:50:02'),
(46, '3527010101800046', 'MUZDALIFAH', 'KOLPOH', 'Dusun Kolpoh, Desa Campor Barat', 'Pedagang', -6.89231200, 113.74815800, '2026-06-24 06:50:02', '2026-06-24 06:50:02'),
(47, '3527010101800047', 'NUR AINI', 'KOLPOH', 'Dusun Kolpoh, Desa Campor Barat', 'Pedagang', -6.89221800, 113.74874400, '2026-06-24 06:50:02', '2026-06-24 06:50:02'),
(48, '3527010101800048', 'PUSINAH', 'KOLPOH', 'Dusun Kolpoh, Desa Campor Barat', 'Petani', -6.89164800, 113.74731500, '2026-06-24 06:50:02', '2026-06-24 06:50:02'),
(49, '3527010101800049', 'ROBHAYATI', 'KOLPOH', 'Dusun Kolpoh, Desa Campor Barat', 'Petani', -6.89152700, 113.74655800, '2026-06-24 06:50:02', '2026-06-24 06:50:02'),
(50, '3527010101800050', 'RUWAIDA', 'KOLPOH', 'Dusun Kolpoh, Desa Campor Barat', 'Pedagang', -6.89190300, 113.74868800, '2026-06-24 06:50:02', '2026-06-24 06:50:02'),
(51, '3527010101800051', 'SAHMIYA', 'KOLPOH', 'Dusun Kolpoh, Desa Campor Barat', 'Petani', -6.89007400, 113.74919000, '2026-06-24 06:50:02', '2026-06-24 06:50:02'),
(52, '3527010101800052', 'SITI', 'KOLPOH', 'Dusun Kolpoh, Desa Campor Barat', 'Buruh', -6.89119300, 113.74878400, '2026-06-24 06:50:02', '2026-06-24 06:50:02'),
(53, '3527010101800053', 'SITI AISYAH', 'KOLPOH', 'Dusun Kolpoh, Desa Campor Barat', 'Petani', -6.88641800, 113.75099300, '2026-06-24 06:50:02', '2026-06-24 06:50:02'),
(54, '3527010101800054', 'SITI MAISUNA', 'KOLPOH', 'Dusun Kolpoh, Desa Campor Barat', 'Buruh', -6.88641800, 113.75099300, '2026-06-24 06:50:02', '2026-06-24 06:50:02'),
(55, '3527010101800055', 'SITI NUR DINA', 'KOLPOH', 'Dusun Kolpoh, Desa Campor Barat', 'Petani', -6.88873500, 113.75045800, '2026-06-24 06:50:02', '2026-06-24 06:50:02'),
(56, '3527010101800056', 'SITTIYA', 'KOLPOH', 'Dusun Kolpoh, Desa Campor Barat', 'Pedagang', -6.89190300, 113.74868800, '2026-06-24 06:50:02', '2026-06-24 06:50:02'),
(57, '3527010101800057', 'TASLIMA', 'KOLPOH', 'Dusun Kolpoh, Desa Campor Barat', 'Petani', -6.89152700, 113.74655800, '2026-06-24 06:50:02', '2026-06-24 06:50:02'),
(58, '3527010101800058', 'BAITUR ROHMAH', 'TANA MERA', 'Dusun Tana Mera, Desa Campor Barat', 'Petani', -6.90058000, 113.76393000, '2026-06-24 06:50:02', '2026-06-24 06:50:02'),
(59, '3527010101800059', 'ERNA NINGSIH', 'TANA MERA', 'Dusun Tana Mera, Desa Campor Barat', 'Petani', -6.90071200, 113.76334800, '2026-06-24 06:50:02', '2026-06-24 06:50:02'),
(60, '3527010101800060', 'HANIFAH', 'TANA MERA', 'Dusun Tana Mera, Desa Campor Barat', 'Pedagang', -6.90061700, 113.76381200, '2026-06-24 06:50:02', '2026-06-24 06:50:02'),
(61, '3527010101800061', 'HANIYA', 'TANA MERA', 'Dusun Tana Mera, Desa Campor Barat', 'Buruh', -6.90080500, 113.76214500, '2026-06-24 06:50:02', '2026-06-24 06:50:02'),
(62, '3527010101800062', 'JUSA', 'TANA MERA', 'Dusun Tana Mera, Desa Campor Barat', 'Petani', -6.90085200, 113.76207700, '2026-06-24 06:50:02', '2026-06-24 06:50:02'),
(63, '3527010101800063', 'LIMA', 'TANA MERA', 'Dusun Tana Mera, Desa Campor Barat', 'Buruh', -6.90085200, 113.76207700, '2026-06-24 06:50:02', '2026-06-24 06:50:02'),
(64, '3527010101800064', 'MARWATI', 'TANA MERA', 'Dusun Tana Mera, Desa Campor Barat', 'Petani', -6.89795600, 113.76260400, '2026-06-24 06:50:02', '2026-06-24 06:50:02'),
(65, '3527010101800065', 'MUHRIMA', 'TANA MERA', 'Dusun Tana Mera, Desa Campor Barat', 'Pedagang', -6.89723200, 113.76136600, '2026-06-24 06:50:02', '2026-06-24 06:50:02'),
(66, '3527010101800066', 'NATUN', 'TANA MERA', 'Dusun Tana Mera, Desa Campor Barat', 'Petani', -6.90320300, 113.76093500, '2026-06-24 06:50:02', '2026-06-24 06:50:02'),
(67, '3527010101800067', 'NURUL HAYATI', 'TANA MERA', 'Dusun Tana Mera, Desa Campor Barat', 'Buruh', -6.89763500, 113.76476200, '2026-06-24 06:50:02', '2026-06-24 06:50:02'),
(68, '3527010101800068', 'PUSARIYAH', 'TANA MERA', 'Dusun Tana Mera, Desa Campor Barat', 'Petani', -6.89759700, 113.76438800, '2026-06-24 06:50:02', '2026-06-24 06:50:02'),
(69, '3527010101800069', 'RA ENA', 'TANA MERA', 'Dusun Tana Mera, Desa Campor Barat', 'Buruh', -6.89707000, 113.76559300, '2026-06-24 06:50:02', '2026-06-24 06:50:02'),
(70, '3527010101800070', 'RUHAMA', 'TANA MERA', 'Dusun Tana Mera, Desa Campor Barat', 'Petani', -6.89707000, 113.76559300, '2026-06-24 06:50:02', '2026-06-24 06:50:02'),
(71, '3527010101800071', 'RUSNA', 'TANA MERA', 'Dusun Tana Mera, Desa Campor Barat', 'Pedagang', -6.90058000, 113.76393000, '2026-06-24 06:50:02', '2026-06-24 06:50:02'),
(72, '3527010101800072', 'SAHRIYA', 'TANA MERA', 'Dusun Tana Mera, Desa Campor Barat', 'Buruh', -6.89857900, 113.76223900, '2026-06-24 06:50:02', '2026-06-24 06:50:02'),
(73, '3527010101800073', 'SUTIMA', 'TANA MERA', 'Dusun Tana Mera, Desa Campor Barat', 'Petani', -6.89845000, 113.76226700, '2026-06-24 06:50:02', '2026-06-24 06:50:02');

--
-- Indexes for dumped tables
--

--
-- Indexes for table `cache`
--
ALTER TABLE `cache`
  ADD PRIMARY KEY (`key`),
  ADD KEY `cache_expiration_index` (`expiration`);

--
-- Indexes for table `cache_locks`
--
ALTER TABLE `cache_locks`
  ADD PRIMARY KEY (`key`),
  ADD KEY `cache_locks_expiration_index` (`expiration`);

--
-- Indexes for table `clustering_runs`
--
ALTER TABLE `clustering_runs`
  ADD PRIMARY KEY (`id`);

--
-- Indexes for table `failed_jobs`
--
ALTER TABLE `failed_jobs`
  ADD PRIMARY KEY (`id`),
  ADD UNIQUE KEY `failed_jobs_uuid_unique` (`uuid`),
  ADD KEY `failed_jobs_connection_queue_failed_at_index` (`connection`,`queue`,`failed_at`);

--
-- Indexes for table `hasil_clusterings`
--
ALTER TABLE `hasil_clusterings`
  ADD PRIMARY KEY (`id`),
  ADD KEY `hasil_clusterings_clustering_run_id_foreign` (`clustering_run_id`),
  ADD KEY `hasil_clusterings_warga_id_foreign` (`warga_id`);

--
-- Indexes for table `jobs`
--
ALTER TABLE `jobs`
  ADD PRIMARY KEY (`id`),
  ADD KEY `jobs_queue_index` (`queue`);

--
-- Indexes for table `job_batches`
--
ALTER TABLE `job_batches`
  ADD PRIMARY KEY (`id`);

--
-- Indexes for table `kriterias`
--
ALTER TABLE `kriterias`
  ADD PRIMARY KEY (`id`),
  ADD UNIQUE KEY `kriterias_kode_unique` (`kode`);

--
-- Indexes for table `migrations`
--
ALTER TABLE `migrations`
  ADD PRIMARY KEY (`id`);

--
-- Indexes for table `nilai_wargas`
--
ALTER TABLE `nilai_wargas`
  ADD PRIMARY KEY (`id`),
  ADD KEY `nilai_wargas_warga_id_foreign` (`warga_id`),
  ADD KEY `nilai_wargas_kriteria_id_foreign` (`kriteria_id`);

--
-- Indexes for table `password_reset_tokens`
--
ALTER TABLE `password_reset_tokens`
  ADD PRIMARY KEY (`email`);

--
-- Indexes for table `sessions`
--
ALTER TABLE `sessions`
  ADD PRIMARY KEY (`id`),
  ADD KEY `sessions_user_id_index` (`user_id`),
  ADD KEY `sessions_last_activity_index` (`last_activity`);

--
-- Indexes for table `users`
--
ALTER TABLE `users`
  ADD PRIMARY KEY (`id`),
  ADD UNIQUE KEY `users_email_unique` (`email`);

--
-- Indexes for table `wargas`
--
ALTER TABLE `wargas`
  ADD PRIMARY KEY (`id`),
  ADD UNIQUE KEY `wargas_nik_unique` (`nik`);

--
-- AUTO_INCREMENT for dumped tables
--

--
-- AUTO_INCREMENT for table `clustering_runs`
--
ALTER TABLE `clustering_runs`
  MODIFY `id` bigint(20) UNSIGNED NOT NULL AUTO_INCREMENT;

--
-- AUTO_INCREMENT for table `failed_jobs`
--
ALTER TABLE `failed_jobs`
  MODIFY `id` bigint(20) UNSIGNED NOT NULL AUTO_INCREMENT;

--
-- AUTO_INCREMENT for table `hasil_clusterings`
--
ALTER TABLE `hasil_clusterings`
  MODIFY `id` bigint(20) UNSIGNED NOT NULL AUTO_INCREMENT;

--
-- AUTO_INCREMENT for table `jobs`
--
ALTER TABLE `jobs`
  MODIFY `id` bigint(20) UNSIGNED NOT NULL AUTO_INCREMENT;

--
-- AUTO_INCREMENT for table `kriterias`
--
ALTER TABLE `kriterias`
  MODIFY `id` bigint(20) UNSIGNED NOT NULL AUTO_INCREMENT, AUTO_INCREMENT=5;

--
-- AUTO_INCREMENT for table `migrations`
--
ALTER TABLE `migrations`
  MODIFY `id` int(10) UNSIGNED NOT NULL AUTO_INCREMENT, AUTO_INCREMENT=10;

--
-- AUTO_INCREMENT for table `nilai_wargas`
--
ALTER TABLE `nilai_wargas`
  MODIFY `id` bigint(20) UNSIGNED NOT NULL AUTO_INCREMENT, AUTO_INCREMENT=293;

--
-- AUTO_INCREMENT for table `users`
--
ALTER TABLE `users`
  MODIFY `id` bigint(20) UNSIGNED NOT NULL AUTO_INCREMENT, AUTO_INCREMENT=2;

--
-- AUTO_INCREMENT for table `wargas`
--
ALTER TABLE `wargas`
  MODIFY `id` bigint(20) UNSIGNED NOT NULL AUTO_INCREMENT, AUTO_INCREMENT=74;

--
-- Constraints for dumped tables
--

--
-- Constraints for table `hasil_clusterings`
--
ALTER TABLE `hasil_clusterings`
  ADD CONSTRAINT `hasil_clusterings_clustering_run_id_foreign` FOREIGN KEY (`clustering_run_id`) REFERENCES `clustering_runs` (`id`) ON DELETE CASCADE,
  ADD CONSTRAINT `hasil_clusterings_warga_id_foreign` FOREIGN KEY (`warga_id`) REFERENCES `wargas` (`id`) ON DELETE CASCADE;

--
-- Constraints for table `nilai_wargas`
--
ALTER TABLE `nilai_wargas`
  ADD CONSTRAINT `nilai_wargas_kriteria_id_foreign` FOREIGN KEY (`kriteria_id`) REFERENCES `kriterias` (`id`) ON DELETE CASCADE,
  ADD CONSTRAINT `nilai_wargas_warga_id_foreign` FOREIGN KEY (`warga_id`) REFERENCES `wargas` (`id`) ON DELETE CASCADE;
COMMIT;

/*!40101 SET CHARACTER_SET_CLIENT=@OLD_CHARACTER_SET_CLIENT */;
/*!40101 SET CHARACTER_SET_RESULTS=@OLD_CHARACTER_SET_RESULTS */;
/*!40101 SET COLLATION_CONNECTION=@OLD_COLLATION_CONNECTION */;
